nataliechan@Snorlax static_analysis % cppcheck --enable=all --inconclusive --std=c++17 --language=c++ QuestionableCode.cpp
Checking QuestionableCode.cpp ...
QuestionableCode.cpp:4:2: information: Include file: <cassert> not found. Please note: Cppcheck does not need standard library headers to get proper results. [missingIncludeSystem]
#include <cassert>
 ^
QuestionableCode.cpp:5:2: information: Include file: <iostream> not found. Please note: Cppcheck does not need standard library headers to get proper results. [missingIncludeSystem]
#include <iostream>
 ^
QuestionableCode.cpp:6:2: information: Include file: <numeric> not found. Please note: Cppcheck does not need standard library headers to get proper results. [missingIncludeSystem]
#include <numeric>
 ^
QuestionableCode.cpp:7:2: information: Include file: <set> not found. Please note: Cppcheck does not need standard library headers to get proper results. [missingIncludeSystem]
#include <set>
 ^
QuestionableCode.cpp:8:2: information: Include file: <vector> not found. Please note: Cppcheck does not need standard library headers to get proper results. [missingIncludeSystem]
#include <vector>
 ^
QuestionableCode.cpp:127:12: warning: Assert statement modifies 'z'. [assignmentInAssert]
  assert(z = 2);
           ^
QuestionableCode.cpp:129:10: warning: Assert statement calls a function which may have desired side effects: 'my_function'. [assertWithSideEffect]
  assert(my_function() == 3);
         ^
QuestionableCode.cpp:109:3: warning: Assignment of function parameter has no effect outside the function. Did you forget dereferencing it? [uselessAssignmentPtrArg]
  tok = tok->next();
  ^
QuestionableCode.cpp:59:3: error: Address of local auto-variable assigned to a function parameter. [autoVariables]
  *a = &b;
  ^
QuestionableCode.cpp:129:24: warning: Comparison of a boolean expression with an integer other than 0 or 1. [compareBoolExpressionWithInt]
  assert(my_function() == 3);
                       ^
QuestionableCode.cpp:98:3: style: Non-boolean value returned from function returning bool [returnNonBoolInBooleanFunction]
  return a;
  ^
QuestionableCode.cpp:66:8: warning: Either the condition 'count==1000' is redundant or the array 'buf[10]' is accessed at index 1000, which is out of bounds. [arrayIndexOutOfBoundsCond]
    buf[count] = 0; // <- ERROR
       ^
QuestionableCode.cpp:65:13: note: Assuming that condition 'count==1000' is not redundant
  if (count == 1000)
            ^
QuestionableCode.cpp:66:8: note: Array index out of bounds
    buf[count] = 0; // <- ERROR
       ^
QuestionableCode.cpp:42:3: warning: Member variable 'A::x' is not initialized in the copy constructor. [uninitMemberVarPrivate]
  A(const A& other) {}
  ^
QuestionableCode.cpp:50:8: style: The member function 'MySpecialType::DontThrow' can be static. [functionStatic]
  void DontThrow() noexcept
       ^
QuestionableCode.cpp:103:10: style: The member function 'Token::next' can be static. [functionStatic]
  Token* next() { return nullptr; }
         ^
QuestionableCode.cpp:129:27: style: Comparing expression of type 'bool' against value 3. Condition is always false. [compareValueOutOfTypeRangeError]
  assert(my_function() == 3);
                          ^
QuestionableCode.cpp:52:5: error: Unhandled exception thrown in function declared not to throw exceptions. [throwInNoexceptFunction]
    throw "Ha! I threw anyway!";
    ^
QuestionableCode.cpp:109:9: warning: Either the condition 'tok' is redundant or there is possible null pointer dereference: tok. [nullPointerRedundantCheck]
  tok = tok->next();
        ^
QuestionableCode.cpp:108:10: note: Assuming that condition 'tok' is not redundant
  while (tok);
         ^
QuestionableCode.cpp:109:9: note: Null pointer dereference
  tok = tok->next();
        ^
QuestionableCode.cpp:64:7: style: The scope of the variable 'buf' can be reduced. [variableScope]
  int buf[10];
      ^
QuestionableCode.cpp:133:9: style: Local variable 'x' shadows outer variable [shadowVariable]
    int x = 5;
        ^
QuestionableCode.cpp:117:7: note: Shadowed declaration
  int x = 0;
      ^
QuestionableCode.cpp:133:9: note: Shadow variable
    int x = 5;
        ^
QuestionableCode.cpp:134:9: style: Local variable 'y' shadows outer variable [shadowVariable]
    int y = 5;
        ^
QuestionableCode.cpp:118:7: note: Shadowed declaration
  int y = 0;
      ^
QuestionableCode.cpp:134:9: note: Shadow variable
    int y = 5;
        ^
QuestionableCode.cpp:135:9: style: Local variable 'z' shadows outer variable [shadowVariable]
    int z = 5;
        ^
QuestionableCode.cpp:119:7: note: Shadowed declaration
  int z = 0;
      ^
QuestionableCode.cpp:135:9: note: Shadow variable
    int z = 5;
        ^
QuestionableCode.cpp:87:30: error: inconclusive: Using iterator to local container 'items' that may be invalid. [invalidContainer]
  for (iter = items.begin(); iter != items.end(); ++iter) {
                             ^
QuestionableCode.cpp:87:26: note: Iterator to container is created here.
  for (iter = items.begin(); iter != items.end(); ++iter) {
                         ^
QuestionableCode.cpp:88:15: note: Assuming condition is true.
    if (*iter == 2) {
              ^
QuestionableCode.cpp:88:15: note: Assuming condition is true.
    if (*iter == 2) {
              ^
QuestionableCode.cpp:87:35: note: Assuming condition is true.
  for (iter = items.begin(); iter != items.end(); ++iter) {
                                  ^
QuestionableCode.cpp:89:13: note: After calling 'erase', iterators or references to the container's data may be invalid .
      items.erase(iter);
            ^
QuestionableCode.cpp:82:20: note: Variable created here.
  std::vector<int> items;
                   ^
QuestionableCode.cpp:87:30: note: Using iterator to local container 'items' that may be invalid.
  for (iter = items.begin(); iter != items.end(); ++iter) {
                             ^
QuestionableCode.cpp:41:7: style: class member 'A::x' is never used. [unusedStructMember]
  int x;
      ^
QuestionableCode.cpp:66:16: style: Variable 'buf[count]' is assigned a value that is never used. [unreadVariable]
    buf[count] = 0; // <- ERROR
               ^
QuestionableCode.cpp:109:7: style: Variable 'tok' is assigned a value that is never used. [unreadVariable]
  tok = tok->next();
      ^
QuestionableCode.cpp:117:7: style: Variable 'x' is assigned a value that is never used. [unreadVariable]
  int x = 0;
      ^
QuestionableCode.cpp:118:7: style: Variable 'y' is assigned a value that is never used. [unreadVariable]
  int y = 0;
      ^
QuestionableCode.cpp:31:8: style: The function 'is_type' is never used. [unusedFunction]
  bool is_type(int type) const
       ^
QuestionableCode.cpp:50:8: style: The function 'DontThrow' is never used. [unusedFunction]
  void DontThrow() noexcept
       ^
QuestionableCode.cpp:69:6: style: The function 'do_something_useless' is never used. [unusedFunction]
void do_something_useless()
     ^
nofile:0:0: information: Active checkers: 183/975 (use --checkers-report=<filename> to see details) [checkersReport]

